DNA22-51899	923-DNA22-51899-Var1	snv	snv	chr2:227245975	C>A
DNA22-53629	748-DNA22-53629-Var1	snv	snv	chr3:128904079	G>C
DNA22-53629	748-DNA22-53629-Var2	snv	snv	chr3:128896521	T>G
DNA22-54667	940-DNA22-54667-Var1	pbsv	del	chr15:67254541-67254614	none
DNA22-54667	940-DNA22-54667-Var1	snv	del	chr15:67254541-67254614	none
DNA22-55872	922-DNA22-55872-Var1	snv	snv	chr2:227273030	G>A
DNA22-56379	949-DNA22-56379-Var1	snv	snv	chr6:26092913	G>A
DNA22-57622	942-DNA22-57622-Var1	snv	snv	chr12:110281790	A>T
DNA22-58170	953-DNA22-58170-Var1	snv	del	chr12:102844347	none
DNA22-58170	953-DNA22-58170-Var2	snv	snv	chr12:102855154	C>T
DNA22-58635	727-DNA22-58635-Var1	snv	snv	chr19:18162446	G>A
DNA22-58929	933-DNA22-58929-Var1	pbsv	del	chr12:70192002-70294000	none
DNA22-58929	933-DNA22-58929-Var1	hificnv	del	chr12:70192002-70294000	none
DNA22-59461	708-DNA22-59461-Var1	snv	del	chr1:152312601-152312604	none
DNA22-59461	708-DNA22-59461-Var2	snv	snv	chr1:152313385	G>A
DNA22-60027	896-DNA22-60027-Var1	mt	snv	chrMT:4300	A>G:100
DNA22-60923	931-DNA22-60923-Var1	snv	snv	chr12:112450416	A>G
DNA22-58845	918-DNA22-58845-Var1	snv	del	chr3:193667170-193667173	none
DNA22-61654	734-DNA22-61654-Var1	snv	snv	chr2:218882368	C>A
DNA22-61654	734-DNA22-61654-Var2	snv	snv	chr2:218890349	C>T
DNA22-62232	689-DNA22-62232-Var1	snv	del	chr2:178740133	none
DNA22-62687	678-DNA22-62687-Var1	snv	snv	chr3:46860813	G>T
DNA22-63235	712-DNA22-63235-Var1	pbsv	dup	chr17:14186002-15578000	none
DNA22-63235	712-DNA22-63235-Var1	hificnv	dup	chr17:14186002-15578000	none
DNA22-63624	959-DNA22-63624-Var1	snv	snv	chrX:153725267	A>G
DNA22-64781	716-DNA22-64781-Var1	snv	del	chr10:249031-249041	none
DNA22-64807	742-DNA22-64807-Var1	snv	snv	chr3:69964940	G>A
DNA22-65075	690-DNA22-65075-Var1	snv	ins	chr7:128854547	4
DNA22-65445	680-DNA22-65445-Var1	snv	snv	chr14:23417174	G>A
DNA22-65612	679-DNA22-65612-Var1	snv	snv	chr14:23416089	T>C
DNA22-65645	704-DNA22-65645-Var1	snv	snv	chr7:128855277	C>T
DNA22-66038	709-DNA22-66038-Var1	snv	del	chr1:152312605-152312608	none
DNA22-66038	709-DNA22-66038-Var2	snv	snv	chr1:152313385	G>A
DNA22-66804	943-DNA22-66804-Var1	snv	snv	chr3:130964006	T>C
DNA22-66918	912-DNA22-66918-Var1	snv	snv	chr2:227051131	G>A
DNA22-67471	864-DNA22-67471-Var1	snv	snv	chr3:38722348	C>G
DNA22-68567	915-DNA22-68567-Var1	snv	snv	chr1:152313385	G>A
DNA22-69019	961-DNA22-69019-Var1	snv	snv	chr2:219425707	A>G
DNA22-69512	865-DNA22-69512-Var1	snv	snv	chr2:166280452	T>C
DNA22-69613	681-DNA22-69613-Var1	snv	snv	chr7:150952802	C>A
DNA22-69802	909-DNA22-69802-Var1	snv	snv	chr17:31330354	G>C
DNA22-70495	867-DNA22-70495-Var1	snv	snv	chr2:166305834	C>T
DNA22-70922	703-DNA22-70922-Var1	snv	snv	chr12:110919133	C>T
DNA22-71207	868-DNA22-71207-Var1	snv	snv	chr2:166278306	G>C
DNA22-71379	907-DNA22-71379-Var1	snv	snv	chr17:31334927	C>T
DNA22-72794	914-DNA22-72794-Var1	snv	snv	chr2:227082177	C>G
DNA22-73166	939-DNA22-73166-Var1	pbsv	del	chrX:6532002-8172000	none
DNA22-73166	939-DNA22-73166-Var1	hificnv	del	chrX:6532002-8172000	none
DNA22-73544	906-DNA22-73544-Var1	snv	snv	chr17:31159009	G>C
DNA22-21113	737-DNA22-21113-Var1	snv	snv	chr2:166305834	C>T
DNA23-61064	640-DNA23-61064-Var1	snv	snv	chr2:166280508	A>T
DNA23-61382	660-DNA23-61382-Var1	snv	snv	chr2:165090734	A>C
DNA23-61732	661-DNA23-61732-Var1	snv	snv	chr2:166465895	G>C
DNA23-62454	663-DNA23-62454-Var1	snv	snv	chr2:166305834	C>T
DNA23-62615	664-DNA23-62615-Var1	snv	snv	chr2:166286383	C>T
DNA23-62741	641-DNA23-62741-Var1	snv	snv	chr18:31598655	G>A
DNA22-00352	818-DNA22-00352-Var1	pbsv	dup	chr21:13046002-46708000	none
DNA22-00352	818-DNA22-00352-Var1	hificnv	dup	chr21:13046002-46708000	none
DNA22-05128	453-DNA22-05128-Var1	pbsv	dup	chr16:29560002-30106000	none
DNA22-05128	453-DNA22-05128-Var1	hificnv	dup	chr16:29560002-30106000	none
DNA22-22411	452-DNA22-22411-Var1	pbsv	dup	chr17:1158775-1341437	none
DNA22-22411	452-DNA22-22411-Var1	hificnv	dup	chr17:1158775-1341437	none
DNA16-20593	800-DNA16-20593-Var1	snv	snv	chr11:71435748	C>T
DNA16-20593	800-DNA16-20593-Var2	snv	snv	chr11:71444036	G>A
DNA18-16299	797-DNA18-16299-Var1	snv	snv	chr15:90784953	C>T
DNA19-07903	805-DNA19-07903-Var1	snv	snv	chr8:144513012	G>A
DNA19-07903	805-DNA19-07903-Var2	pbsv	del	chr8:144514148-144514171	none
DNA19-07903	805-DNA19-07903-Var2	snv	del	chr8:144514148-144514171	none
DNA19-09326	833-DNA19-09326-Var1	snv	snv	chr14:68892183	T>G
DNA19-18430	964-DNA19-18430-Var1	snv	snv	chr3:15644326	G>A
DNA19-18430	964-DNA19-18430-Var2	snv	snv	chr3:15644441	C>G
DNA19-03568	839-DNA19-03568-Var1	snv	snv	chr8:93780633	T>C
DNA19-03568	839-DNA19-03568-Var2	snv	snv	chr8:93797453	G>C
DNA21-09181	851-DNA21-09181-Var1	snv	snv	chr16:23635606	G>A
DNA21-16466	852-DNA21-16466-Var1	snv	del	chr16:23636036-23636037	none
DNA21-19880	808-DNA21-19880-Var1	snv	snv	chr5:132387024	G>C
DNA21-19880	808-DNA21-19880-Var2	snv	snv	chr5:132387024	G>C
DNA22-00222	281-DNA22-00222-Var1	snv	snv	chr2:227062529	C>T
DNA22-00222	281-DNA22-00222-Var2	snv	snv	chr11:68446524	G>A
DNA22-00248	396-DNA22-00248-Var1	snv	snv	chr6:32041006	C>T
DNA22-00248	396-DNA22-00248-Var1	para	snv	chr6:32041006	C>T
DNA22-00304	21-DNA22-00304-Var1	snv	del	chr16:89282152-89282153	none
DNA22-00035	771-DNA22-00035-Var1	snv	del	chr16:31485781-31485793	none
DNA22-00480	177-DNA22-00480-Var1	snv	del	chr22:50524006-50524017	none
DNA22-01121	810-DNA22-01121-Var1	snv	del	chr5:236599-236600	none
DNA22-01825	33-DNA22-01825-Var1	snv	snv	chr2:1917264	A>G
DNA22-01734	576-DNA22-01734-Var1	snv	snv	chr3:120633233	T>C
DNA22-01734	576-DNA22-01734-Var2	snv	del	chr3:120647888	none
DNA22-01947	32-DNA22-01947-Var1	pbsv	dup	chr16:89026001-90338000	none
DNA22-01947	32-DNA22-01947-Var1	hificnv	dup	chr16:89026001-90338000	none
DNA22-02181	179-DNA22-02181-Var1	snv	snv	chr1:216325499	G>T
DNA22-02181	179-DNA22-02181-Var2	snv	snv	chr1:215675378	G>C
DNA22-02174	158-DNA22-02174-Var1	snv	snv	chr2:26194581	G>A
DNA22-02174	158-DNA22-02174-Var2	snv	snv	chr2:26195184	C>G
DNA22-02405	271-DNA22-02405-Var1	pbsv	dup	chr15:48591321-48624974	none
DNA22-02405	271-DNA22-02405-Var1	hificnv	dup	chr15:48591321-48624974	none
DNA22-02162	446-DNA22-02162-Var1	snv	snv	chrX:55014829	C>T
DNA22-02385	175-DNA22-02385-Var1	snv	snv	chr8:144397756	C>A
DNA22-02597	217-DNA22-02597-Var1	snv	del	chr11:65183533	none
DNA22-02597	217-DNA22-02597-Var2	snv	snv	chr11:65206824	G>A
DNA22-02467	754-DNA22-02467-Var1	snv	snv	chr7:143320662	A>C
DNA22-02467	754-DNA22-02467-Var2	snv	snv	chr7:143332409	T>C
DNA22-03955	631-DNA22-03955-Var1	pbsv	dup	chr16:68810604-68814965	none
DNA22-03955	631-DNA22-03955-Var1	hificnv	dup	chr16:68810604-68814965	none
DNA22-03955	631-DNA22-03955-Var1	snv	ins	chr16:68810604	4362
DNA22-02866	306-DNA22-02866-Var1	snv	snv	chr14:36517820	C>A
DNA22-03145	405-DNA22-03145-Var1	snv	snv	chr3:122254353	C>T
DNA21-19421	767-DNA21-19421-Var1	snv	snv	chr15:43616201	G>C
DNA21-19421	767-DNA21-19421-Var1	para	snv	chr15:43616201	G>C
DNA22-03031	610-DNA22-03031-Var1	snv	snv	chr6:160706469	A>G
DNA22-03582	159-DNA22-03582-Var1	snv	snv	chrX:49217915	C>T
DNA22-03548	144-DNA22-03548-Var1	snv	del	chr2:159438492-159438493	none
DNA22-03630	270-DNA22-03630-Var1	snv	snv	chr17:63918386	T>G
DNA22-03774	34-DNA22-03774-Var1	snv	snv	chr1:7746045	T>C
DNA21-18877	216-DNA21-18877-Var1	snv	snv	chrX:153736255	G>T
DNA22-04924	979-DNA22-04924-Var1	snv	snv	chr7:21619178	C>T
DNA22-04924	979-DNA22-04924-Var2	snv	snv	chr7:21866467	C>G
DNA21-21416	260-DNA21-21416-Var1	snv	del	chr2:120988427	none
DNA21-21416	260-DNA21-21416-Var2	snv	snv	chr2:19989284	T>C
DNA22-04559	24-DNA22-04559-Var1	pbsv	del	chr3:53485864-53550632	none
DNA22-04559	24-DNA22-04559-Var1	hificnv	del	chr3:53485864-53550632	none
DNA22-04700	488-DNA22-04700-Var1	snv	snv	chrX:55014829	C>T
DNA22-04773	312-DNA22-04773-Var1	snv	snv	chr17:62065156	C>A
DNA22-04773	312-DNA22-04773-Var2	snv	snv	chr2:239090026	C>T
DNA22-04773	312-DNA22-04773-Var3	snv	snv	chr11:71435840	C>G
DNA21-10679	601-DNA21-10679-Var1	pbsv	del	chr16:21784002-22498000	none
DNA21-10679	601-DNA21-10679-Var1	hificnv	del	chr16:21784002-22498000	none
DNA21-18039	404-DNA21-18039-Var1	snv	snv	chr12:5996214	T>C
DNA22-01487	35-DNA22-01487-Var1	snv	snv	chr16:30958927	G>T
DNA22-05461	795-DNA22-05461-Var1	snv	snv	chr16:2090802	G>A
DNA22-05770	273-DNA22-05770-Var1	snv	ins	chr16:2118436	4
DNA22-06343	180-DNA22-06343-Var1	snv	snv	chr8:60855993	C>T
DNA22-06559	420-DNA22-06559-Var1	snv	snv	chr22:20997253	C>T
DNA22-06616	636-DNA22-06616-Var1	snv	snv	chr22:37725629	C>T
DNA10-09800	157-DNA10-09800-Var1	snv	del	chr6:64066349	none
DNA10-09800	157-DNA10-09800-Var2	snv	del	chr6:63720729-63720732	none
DNA22-06928	637-DNA22-06928-Var1	snv	snv	chr1:216321921	A>G
DNA22-06928	637-DNA22-06928-Var2	snv	snv	chr1:215891198	T>C
DNA22-06729	314-DNA22-06729-Var1	snv	snv	chr2:60773339	C>A
DNA22-06761	147-DNA22-06761-Var1	snv	snv	chr1:23077346	G>A
DNA22-13753	599-DNA22-13753-Var1	snv	snv	chr9:35657948	T>C
DNA22-13753	599-DNA22-13753-Var2	snv	snv	chr9:35657955	G>A
DNA22-10766	549-DNA22-10766-Var1	snv	snv	chrX:75071593	C>T
DNA22-13847	591-DNA22-13847-Var1	snv	snv	chr16:8811153	G>A
DNA22-13847	591-DNA22-13847-Var2	snv	snv	chr16:8847806	G>C
DNA22-11297	408-DNA22-11297-Var1	snv	snv	chr9:132990916	C>T
DNA22-11922	619-DNA22-11922-Var1	snv	snv	chr4:67754306	A>T
DNA22-11922	619-DNA22-11922-Var2	snv	snv	chr4:67754305	G>T
DNA22-11133	530-DNA22-11133-Var1	snv	snv	chr2:39051202	A>C
DNA22-12178	3-DNA22-12178-Var1	snv	snv	chr22:28725070	C>T
DNA22-12262	335-DNA22-12262-Var1	snv	del	chr6:16326827	1
DNA22-12256	39-DNA22-12256-Var1	snv	snv	chr18:44950970	C>T
DNA22-12416	320-DNA22-12416-Var1	snv	ins	chr14:50267804	1
DNA22-04512	323-DNA22-04512-Var1	snv	ins	chrX:53255994	1
DNA22-14014	435-DNA22-14014-Var1	snv	snv	chr9:133438304	G>A
DNA22-14014	435-DNA22-14014-Var2	snv	snv	chr9:133454548	C>T
DNA22-13164	665-DNA22-13164-Var1	pbsv	del	chrX:32452432-32465145	none
DNA22-13164	665-DNA22-13164-Var1	hificnv	del	chrX:32452432-32465145	none
DNA22-13164	665-DNA22-13164-Var1	snv	del	chrX:32452432-32465145	none
DNA22-13182	760-DNA22-13182-Var1	snv	snv	chr7:5997363	C>T
DNA22-13182	760-DNA22-13182-Var1	para	snv	chr7:5997363	C>T
DNA22-13270	976-DNA22-13270-Var1	snv	del	chr1:112917659-112917662	none
DNA22-13040	533-DNA22-13040-Var1	pbsv	del	chr10:122064002-133796000	none
DNA22-13040	533-DNA22-13040-Var1	hificnv	del	chr10:122064002-133796000	none
DNA22-13438	110-DNA22-13438-Var1	snv	snv	chr13:32356455	G>A
DNA22-13466	22-DNA22-13466-Var1	pbsv	ins	chr19:5131647	121
DNA22-13466	22-DNA22-13466-Var1	snv	ins	chr19:5131647	121
DNA22-13634	272-DNA22-13634-Var1	snv	snv	chrX:108575956	G>T
DNA22-13733	1-DNA22-13733-Var1	snv	snv	chr22:28724974	T>A
DNA22-14396	635-DNA22-14396-Var1	snv	snv	chr1:94098794	C>A
DNA22-14396	635-DNA22-14396-Var2	snv	snv	chr1:94010911	T>A
DNA17-02328	482-DNA17-02328-Var1	snv	snv	chr15:27532774	C>A
DNA22-11047	2-DNA22-11047-Var1	snv	ins	chr16:23603564	1
DNA22-14232	397-DNA22-14232-Var1	snv	snv	chrX:154359530	G>A
DNA22-14234	348-DNA22-14234-Var1	snv	snv	chr1:207761321	A>G
DNA22-16810	176-DNA22-16810-Var1	snv	del	chr1:94042898-94042900	none
DNA22-16810	176-DNA22-16810-Var2	snv	snv	chr1:94010911	T>A
DNA22-06822	804-DNA22-06822-Var1	snv	snv	chr12:80460829	T>A
DNA22-14619	546-DNA22-14619-Var1	pbsv	del	chr1:17029670-17037574	none
DNA22-14619	546-DNA22-14619-Var1	hificnv	del	chr1:17029670-17037574	none
DNA22-14619	546-DNA22-14619-Var1	snv	del	chr1:17029670-17037574	none
DNA22-14651	75-DNA22-14651-Var1	snv	snv	chr5:36143207	A>G
DNA22-14670	460-DNA22-14670-Var1	pbsv	del	chr7:17242002-17468000	none
DNA22-14670	460-DNA22-14670-Var1	hificnv	del	chr7:17242002-17468000	none
DNA22-14887	585-DNA22-14887-Var1	snv	snv	chr6:49457790	T>G
DNA22-14907	111-DNA22-14907-Var1	pbsv	del	chr16:29464002-30190000	none
DNA22-14907	111-DNA22-14907-Var1	hificnv	del	chr16:29464002-30190000	none
DNA22-15118	628-DNA22-15118-Var1	snv	del	chr3:52407461-52407462	none
DNA22-15309	150-DNA22-15309-Var1	snv	ins	chr2:74047674	2
DNA22-15309	150-DNA22-15309-Var2	snv	snv	chr3:41225131	T>A
DNA22-15310	42-DNA22-15310-Var1	snv	del	chr6:157207701	none
DNA22-15429	418-DNA22-15429-Var1	snv	snv	chr1:241502469	C>A
DNA22-15507	677-DNA22-15507-Var1	snv	del	chr17:10523108-10523112	none
DNA22-15531	779-DNA22-15531-Var1	snv	del	chr17:7673819	none
DNA22-15533	313-DNA22-15533-Var1	snv	ins	chr22:50721512	1
DNA22-15537	823-DNA22-15537-Var1	pbsv	del	chr17:3648904-3648924	none
DNA22-15537	823-DNA22-15537-Var1	snv	del	chr17:3648904-3648924	none
DNA22-15537	823-DNA22-15537-Var2	snv	snv	chr17:3660280	G>A
DNA22-16955	624-DNA22-16955-Var1	snv	snv	chr12:102840474	T>C
DNA22-16955	624-DNA22-16955-Var2	snv	snv	chr12:102852875	C>T
DNA22-16174	975-DNA22-16174-Var1	snv	snv	chr9:34648170	A>G
DNA22-16044	525-DNA22-16044-Var1	snv	snv	chr4:6301846	C>T
DNA22-18312	232-DNA22-18312-Var1	snv	del	chr7:117559591-117559593	none
DNA22-18312	232-DNA22-18312-Var2	snv	snv	chr7:117530975	G>A
DNA22-16299	280-DNA22-16299-Var1	snv	snv	chr2:227033455	C>T
DNA22-16355	198-DNA22-16355-Var1	snv	snv	chr12:80588399	A>G
DNA22-12903	83-DNA22-12903-Var1	snv	del	chr22:28695869	none
DNA22-19781	266-DNA22-19781-Var1	snv	snv	chr5:68290803	C>G
DNA22-16831	197-DNA22-16831-Var1	snv	snv	chr12:100420082	C>T
DNA22-20154	162-DNA22-20154-Var1	pbsv	del	chr4:663776-663816	none
DNA22-20154	162-DNA22-20154-Var1	snv	del	chr4:663776-663816	none
DNA22-20154	162-DNA22-20154-Var2	snv	snv	chr4:662545	G>C
DNA22-17080	389-DNA22-17080-Var1	snv	snv	chr19:41860777	G>T
DNA22-17251	230-DNA22-17251-Var1	snv	snv	chr13:110489509	G>A
DNA22-17478	78-DNA22-17478-Var1	snv	snv	chrX:18587955	G>C
DNA22-17483	349-DNA22-17483-Var1	snv	snv	chr4:103656258	C>T
DNA22-17488	114-DNA22-17488-Var1	pbsv	del	chr3:185960002-187022000	none
DNA22-17488	114-DNA22-17488-Var1	hificnv	del	chr3:185960002-187022000	none
DNA22-17621	359-DNA22-17621-Var1	snv	snv	chr7:143320662	A>C
DNA22-17621	359-DNA22-17621-Var2	snv	snv	chr7:143332490	T>G
DNA22-17781	854-DNA22-17781-Var1	snv	snv	chr7:5986883	G>A
DNA22-17781	854-DNA22-17781-Var1	para	snv	chr7:5986883	G>A
DNA22-17945	374-DNA22-17945-Var1	snv	snv	chr17:17222662	C>T
DNA22-18096	570-DNA22-18096-Var1	snv	snv	chr1:171107811	C>T
DNA22-18124	853-DNA22-18124-Var1	snv	snv	chr7:5986883	G>A
DNA22-18124	853-DNA22-18124-Var1	para	snv	chr7:5986883	G>A
DNA22-20339	676-DNA22-20339-Var1	snv	del	chr15:42389051-42389053	none
DNA22-20339	676-DNA22-20339-Var2	snv	snv	chr15:42389975	G>A
DNA22-18155	290-DNA22-18155-Var1	snv	snv	chr16:15759619	G>C
DNA22-18166	184-DNA22-18166-Var1	snv	del	chr10:8058771	none
DNA22-18226	379-DNA22-18226-Var1	snv	snv	chr11:108330233	C>T
DNA22-18240	291-DNA22-18240-Var1	snv	del	chr5:112767201-112767204	none
DNA20-04319	473-DNA20-04319-Var1	snv	snv	chr1:111787039	C>T
DNA22-20422	160-DNA22-20422-Var1	snv	snv	chr1:94008251	C>T
DNA22-20422	160-DNA22-20422-Var2	snv	snv	chr1:94011395	A>G
DNA22-18494	384-DNA22-18494-Var1	snv	del	chr10:87925558-87925559	none
DNA22-18698	84-DNA22-18698-Var1	snv	del	chr17:43093330-43093334	none
DNA22-18787	354-DNA22-18787-Var1	pbsv	del	chr7:5977250-6033763	none
DNA22-18787	354-DNA22-18787-Var1	hificnv	del	chr7:5977250-6033763	none
DNA22-19050	164-DNA22-19050-Var1	snv	snv	chr3:101244766	G>C
DNA22-19171	231-DNA22-19171-Var1	snv	snv	chr8:125049164	G>C
DNA22-19290	153-DNA22-19290-Var1	snv	snv	chr6:79060704	C>T
DNA22-23242	802-DNA22-23242-Var1	snv	snv	chr18:46521131	A>G
DNA22-23242	802-DNA22-23242-Var2	snv	snv	chr18:46524770	A>G
DNA22-19532	470-DNA22-19532-Var1	snv	snv	chr11:121168064	C>T
DNA22-19615	794-DNA22-19615-Var1	snv	ins	chr16:2107947	6
DNA22-19752	183-DNA22-19752-Var1	snv	snv	chr16:2496681	C>T
DNA22-19819	23-DNA22-19819-Var1	snv	snv	chr11:118472754	C>A
DNA22-19888	163-DNA22-19888-Var1	snv	snv	chr6:42721911	G>A
DNA22-20020	393-DNA22-20020-Var1	snv	snv	chr6:32040110	G>T
DNA22-20020	393-DNA22-20020-Var1	para	snv	chr6:32040110	G>T
DNA22-20052	245-DNA22-20052-Var1	snv	snv	chr7:117530975	G>A
DNA22-20059	82-DNA22-20059-Var1	snv	snv	chr13:32319154	G>T
DNA23-09375	215-DNA23-09375-Var1	snv	del	chr7:117559591-117559593	none
DNA23-09375	215-DNA23-09375-Var2	snv	snv	chr7:117548630	T>G
DNA22-20341	401-DNA22-20341-Var1	snv	snv	chr12:6029373	C>T
DNA22-20236	161-DNA22-20236-Var1	snv	snv	chrX:9760826	C>T
DNA22-20612	182-DNA22-20612-Var1	snv	snv	chr1:103025614	C>T
DNA22-20563	344-DNA22-20563-Var1	snv	snv	chr19:6718117	G>A
DNA22-20668	616-DNA22-20668-Var1	snv	del	chr14:95103389	none
DNA22-20871	195-DNA22-20871-Var1	snv	snv	chr17:18124495	C>T
DNA22-20871	195-DNA22-20871-Var2	snv	snv	chr17:18157060	G>A
DNA22-20872	181-DNA22-20872-Var1	snv	del	chr15:43615632	none
DNA22-20872	181-DNA22-20872-Var1	para	del	chr15:43615632	none
DNA22-21057	81-DNA22-21057-Var1	snv	del	chr22:28695869	none
DNA17-13674	428-DNA17-13674-Var1	pbsv	del	chrX:154128129-154155216	none
DNA17-13674	428-DNA17-13674-Var1	hificnv	del	chrX:154128129-154155216	none
DNA22-21072	178-DNA22-21072-Var1	snv	snv	chr4:150583636	G>A
DNA17-00546	466-DNA17-00546-Var1	snv	snv	chr17:28734068	C>T
DNA22-22043	445-DNA22-22043-Var1	snv	snv	chr3:149185366	G>A
DNA22-22900	20-DNA22-22900-Var1	snv	snv	chr13:32338485	A>T
DNA23-00652	790-DNA23-00652-Var1	pbsv	del	chr2:47384865-47387217	none
DNA23-00652	790-DNA23-00652-Var1	hificnv	del	chr2:47384865-47387217	none
DNA23-00652	790-DNA23-00652-Var1	snv	del	chr2:47384865-47387217	none
DNA23-08293	783-DNA23-08293-Var1	snv	snv	chr2:178856345	T>A
DNA23-09012	199-DNA23-09012-Var1	snv	snv	chr7:117530975	G>A
DNA23-09012	199-DNA23-09012-Var2	snv	del	chr7:117559591-117559593	none
DNA23-09012	199-DNA23-09012-Var3	snv	snv	chr17:78426961	G>A
DNA23-09012	199-DNA23-09012-Var4	snv	snv	chr17:78455718	C>T
DNA23-09403	784-DNA23-09403-Var1	snv	snv	chr17:7222272	T>C
